graph_name,nodes,edges,greedy_cut,greedy_ratio,qaoa_cut,qaoa_ratio,improvement_edges,improvement_pct,qaoa_time,description
9-Cycle,9,9,8,0.8888888888888888,8,0.8888888888888888,0,0.0,0.6334066390991211,Greedy often suboptimal on odd cycles
11-Cycle,11,11,10,0.9090909090909091,10,0.9090909090909091,0,0.0,0.6862344741821289,Greedy often suboptimal on odd cycles
Gset-12,12,37,25,0.6756756756756757,25,0.6756756756756757,0,0.0,1.7750146389007568,Random weighted graph
Petersen,10,15,12,0.8,12,0.8,0,0.0,0.835310697555542,Famous hard graph
"K_{5,5}",10,25,25,1.0,25,1.0,0,0.0,1.1109955310821533,Optimal = 25 edges (100%)
